{
    "result" : "ok",
    "set_outfit" : {
       "arms" : {
          "id" : 0,
          "mask" : 0,
          "pat" : 0,
          "tex" : 0
       },
       "attitude" : "0",
       "body" : {
          "id" : 3691343236,
          "mask" : 0,
          "pat" : 0,
          "tex" : 0
       },
       "feet" : {
          "id" : 1532093990,
          "mask" : 0,
          "pat" : 0,
          "tex" : 0
       },
       "hair" : {
          "id" : 1229053584,
          "mask" : 0,
          "pat" : 0,
          "tex" : 0
       },
       "hat" : {
          "id" : 1470462579,
          "mask" : 0,
          "pat" : 0,
          "tex" : 0
       },
       "height" : 0.3205564055560303,
       "horn" : {
          "id" : 3680499229,
          "mask" : 0,
          "pat" : 0,
          "tex" : 0
       },
       "mask" : {
          "id" : 3663390882,
          "mask" : 0,
          "pat" : 0,
          "tex" : 0
       },
       "neck" : {
          "id" : 3800884691,
          "mask" : 0,
          "pat" : 0,
          "tex" : 0
       },
       "prop" : {
          "id" : 2035109393,
          "mask" : 0,
          "pat" : 0,
          "tex" : 0
       },
       "scale" : 0.008167967321492012,
       "seed" : 8016,
       "voice" : 0,
       "wing" : {
          "id" : 2245279351,
          "mask" : 0,
          "pat" : 0,
          "tex" : 0
       }
    }
 }